decision_id,fuente_o_variable,problema,regla,decision,justificacion,filas_afectadas,fecha_o_version
DEC-001,todas,Alcance temporal amplio en los archivos Raw,La tarea trabajará enero-diciembre de 2023.,Filtrar 2023 mediante código sin modificar Raw.,Coincide con el periodo formal del Proyecto Integrador y mantiene un volumen verificable.,191928,2026-09-20 / v1.0
DEC-002,VIIRS y CHIRPS,Los archivos disponibles ya están agregados mensualmente.,No presentar datos mensuales como observaciones diarias.,Construir el ETL directamente a grano celda-mes.,Respeta el significado y la granularidad real de las fuentes.,191928,2026-09-20 / v1.0
DEC-003,cell_index; cell_id; anio; mes,VIIRS no contiene cell_id.,Integrar mediante cell_index + anio + mes y publicar cell_id + anio + mes.,Obtener cell_id desde la malla y validar correspondencia contra CHIRPS.,La malla mantiene una correspondencia única entre cell_index y cell_id.,95964,2026-09-20 / v1.0
DEC-004,métricas VIIRS,900 filas no tienen observación VIIRS.,No confundir faltante con cero.,"Conservar nulos en Clean y Curated maestro, añadir observacion_viirs_disponible=false y excluirlos solo del subconjunto analítico.",La ausencia de soporte observacional no demuestra ausencia de incendio.,900,2026-09-20 / v1.0
DEC-005,celdas parciales,828 celdas intersectan parcialmente el cantón.,No eliminar por área sin justificación analítica.,Conservar fraccion_dentro_loja y es_celda_completa como atributos de calidad.,Permite evaluar sensibilidad sin alterar silenciosamente la población.,828,2026-09-20 / v1.0
DEC-006,fracciones y precipitación,Ruido de punto flotante alrededor de valores teóricos.,Usar tolerancia 1e-05 en fracciones y 0.0001 mm en reconciliación.,Comparar con tolerancia y conservar el valor original.,Evita falsos incumplimientos sin redondear ni reescribir Raw.,0,2026-09-20 / v1.0
DEC-007,claves,Una deduplicación automática ocultaría errores de origen.,Las claves deben ser únicas.,Detener el flujo; no deduplicar silenciosamente.,La identidad y granularidad están definidas antes de la limpieza.,0,2026-09-20 / v1.0
DEC-008,FRP y precipitación,El método IQR identifica extremos potencialmente reales.,Detectar no significa eliminar.,Añadir banderas de atípico y conservar los valores.,Los incendios intensos y lluvias extremas pueden ser observaciones científicamente relevantes.,15610,2026-09-20 / v1.0
DEC-009,salidas,La guía requiere trazabilidad y formatos reutilizables.,Generar salidas determinísticas y documentadas.,"Publicar Curated en CSV y Parquet, con diccionario y comparación antes/después.",CSV facilita revisión; Parquet preserva tipos y eficiencia analítica.,0,2026-09-20 / v1.0
