registro_id,cell_index,anio,mes,anio_mes,asset_fuente,viirs_soporte_nativo_m,viirs_detecciones_todas_support_mean,viirs_detecciones_nominal_alta_support_mean,viirs_presencia_fuego_support_frac,viirs_presencia_fuego_nominal_alta_support_frac,viirs_frp_suma_observada_support_mean_mw,viirs_frp_maxima_support_mean_mw,viirs_dias_validos_support_mean,viirs_disponibilidad_support_pct,viirs_observado_support_mean,viirs_source_coverage_frac,viirs_observed_support_frac,viirs_evidencia_fuego_any,viirs_evidencia_fuego_nominal_alta_any,estrato_muestra,procedencia,fuente_primaria,unidad_analisis,datos_simulados,version_origen
VCM_0001,1803,2019,1,2019-01,VIIRS_PREP_2019_01,926.625433055833,1.0,0.0,1.0,0.0,4.699999809265137,4.699999809265137,31.0,100.0,1.0,1.0,1.0,1,0,con_fuego,registros_previamente_procesados,NASA FIRMS - VIIRS,celda_mes_500m,False,v1.0.3
VCM_0002,1808,2019,3,2019-03,VIIRS_PREP_2019_03,926.625433055833,0.8235294117647058,0.8235294117647058,0.8235294117647058,0.8235294117647058,6.752941019394818,6.752941019394818,31.0,100.0,1.0,1.0,1.0,1,1,con_fuego,registros_previamente_procesados,NASA FIRMS - VIIRS,celda_mes_500m,False,v1.0.3
VCM_0003,4843,2019,4,2019-04,VIIRS_PREP_2019_04,926.625433055833,0.0,0.0,0.0,0.0,0.0,0.0,30.0,100.0,1.0,1.0,1.0,0,0,sin_fuego,registros_previamente_procesados,NASA FIRMS - VIIRS,celda_mes_500m,False,v1.0.3
VCM_0004,5475,2019,5,2019-05,VIIRS_PREP_2019_05,926.625433055833,0.0,0.0,0.0,0.0,0.0,0.0,31.0,100.0,1.0,1.0,1.0,0,0,sin_fuego,registros_previamente_procesados,NASA FIRMS - VIIRS,celda_mes_500m,False,v1.0.3
VCM_0005,3433,2019,7,2019-07,VIIRS_PREP_2019_07,926.625433055833,1.0,1.0,1.0,1.0,11.5,11.5,31.0,100.0,1.0,1.0,1.0,1,1,con_fuego,registros_previamente_procesados,NASA FIRMS - VIIRS,celda_mes_500m,False,v1.0.3
VCM_0006,3462,2019,7,2019-07,VIIRS_PREP_2019_07,926.625433055833,0.1764705882352941,0.1764705882352941,0.1764705882352941,0.1764705882352941,2.0294117647058822,2.0294117647058822,31.0,100.0,1.0,1.0,1.0,1,1,con_fuego,registros_previamente_procesados,NASA FIRMS - VIIRS,celda_mes_500m,False,v1.0.3
VCM_0007,1076,2019,9,2019-09,VIIRS_PREP_2019_09,926.625433055833,1.0,1.0,1.0,1.0,15.600000381469728,15.600000381469728,30.0,100.0,1.0,1.0,1.0,1,1,con_fuego,registros_previamente_procesados,NASA FIRMS - VIIRS,celda_mes_500m,False,v1.0.3
VCM_0008,1121,2019,9,2019-09,VIIRS_PREP_2019_09,926.625433055833,0.2272727272727272,0.2272727272727272,0.2272727272727272,0.2272727272727272,1.9772726839238948,1.9772726839238948,30.0,100.0,1.0,1.0,1.0,1,1,con_fuego,registros_previamente_procesados,NASA FIRMS - VIIRS,celda_mes_500m,False,v1.0.3
VCM_0009,1415,2019,9,2019-09,VIIRS_PREP_2019_09,926.625433055833,2.0,2.0,1.0,1.0,104.4000015258789,90.0,30.0,100.0,1.0,1.0,1.0,1,1,con_fuego,registros_previamente_procesados,NASA FIRMS - VIIRS,celda_mes_500m,False,v1.0.3
VCM_0010,1814,2019,9,2019-09,VIIRS_PREP_2019_09,926.625433055833,0.6086956521739131,0.6086956521739131,0.6086956521739131,0.6086956521739131,10.89565194171408,10.89565194171408,30.0,100.0,1.0,1.0,1.0,1,1,con_fuego,registros_previamente_procesados,NASA FIRMS - VIIRS,celda_mes_500m,False,v1.0.3
VCM_0011,3172,2019,9,2019-09,VIIRS_PREP_2019_09,926.625433055833,0.0,0.0,0.0,0.0,0.0,0.0,30.0,100.0,1.0,1.0,1.0,0,0,sin_fuego,registros_previamente_procesados,NASA FIRMS - VIIRS,celda_mes_500m,False,v1.0.3
VCM_0012,3799,2019,9,2019-09,VIIRS_PREP_2019_09,926.625433055833,1.0,1.0,1.0,1.0,4.900000095367432,4.900000095367432,30.0,100.0,1.0,1.0,1.0,1,1,con_fuego,registros_previamente_procesados,NASA FIRMS - VIIRS,celda_mes_500m,False,v1.0.3
VCM_0013,3034,2019,10,2019-10,VIIRS_PREP_2019_10,926.625433055833,0.5,0.5,0.5,0.5,17.75,17.75,31.0,100.0,1.0,1.0,1.0,1,1,con_fuego,registros_previamente_procesados,NASA FIRMS - VIIRS,celda_mes_500m,False,v1.0.3
VCM_0014,4160,2019,11,2019-11,VIIRS_PREP_2019_11,926.625433055833,0.0,0.0,0.0,0.0,0.0,0.0,30.0,100.0,1.0,1.0,1.0,0,0,sin_fuego,registros_previamente_procesados,NASA FIRMS - VIIRS,celda_mes_500m,False,v1.0.3
VCM_0015,33,2019,12,2019-12,VIIRS_PREP_2019_12,926.625433055833,0.0,0.0,0.0,0.0,0.0,0.0,31.0,100.0,1.0,1.0,1.0,0,0,sin_fuego,registros_previamente_procesados,NASA FIRMS - VIIRS,celda_mes_500m,False,v1.0.3
VCM_0016,1619,2020,2,2020-02,VIIRS_PREP_2020_02,926.625433055833,0.0,0.0,0.0,0.0,0.0,0.0,29.0,100.0,1.0,1.0,1.0,0,0,sin_fuego,registros_previamente_procesados,NASA FIRMS - VIIRS,celda_mes_500m,False,v1.0.3
VCM_0017,7506,2020,2,2020-02,VIIRS_PREP_2020_02,926.625433055833,0.0,0.0,0.0,0.0,0.0,0.0,29.0,100.0,1.0,1.0,1.0,0,0,sin_fuego,registros_previamente_procesados,NASA FIRMS - VIIRS,celda_mes_500m,False,v1.0.3
VCM_0018,6686,2020,7,2020-07,VIIRS_PREP_2020_07,926.625433055833,0.0,0.0,0.0,0.0,0.0,0.0,31.0,100.0,1.0,1.0,1.0,0,0,sin_fuego,registros_previamente_procesados,NASA FIRMS - VIIRS,celda_mes_500m,False,v1.0.3
VCM_0019,3143,2020,9,2020-09,VIIRS_PREP_2020_09,926.625433055833,0.7352941176470589,0.7352941176470589,0.7352941176470589,0.7352941176470589,9.338235153871423,9.338235153871423,30.0,100.0,1.0,1.0,1.0,1,1,con_fuego,registros_previamente_procesados,NASA FIRMS - VIIRS,celda_mes_500m,False,v1.0.3
VCM_0020,5727,2020,9,2020-09,VIIRS_PREP_2020_09,926.625433055833,1.0,1.0,1.0,1.0,52.59999847412109,52.59999847412109,30.0,100.0,1.0,1.0,1.0,1,1,con_fuego,registros_previamente_procesados,NASA FIRMS - VIIRS,celda_mes_500m,False,v1.0.3
VCM_0021,5835,2020,9,2020-09,VIIRS_PREP_2020_09,926.625433055833,0.4558823529411764,0.4558823529411764,0.4558823529411764,0.4558823529411764,2.0970587800530827,2.0970587800530827,30.0,100.0,1.0,1.0,1.0,1,1,con_fuego,registros_previamente_procesados,NASA FIRMS - VIIRS,celda_mes_500m,False,v1.0.3
VCM_0022,5995,2020,9,2020-09,VIIRS_PREP_2020_09,926.625433055833,0.3999999999999999,0.3999999999999999,0.3999999999999999,0.3999999999999999,1.8399999618530272,1.8399999618530272,30.0,100.0,1.0,1.0,1.0,1,1,con_fuego,registros_previamente_procesados,NASA FIRMS - VIIRS,celda_mes_500m,False,v1.0.3
VCM_0023,1594,2020,10,2020-10,VIIRS_PREP_2020_10,926.625433055833,0.6,0.6,0.6,0.6,26.879999542236327,26.879999542236327,31.0,100.0,1.0,1.0,1.0,1,1,con_fuego,registros_previamente_procesados,NASA FIRMS - VIIRS,celda_mes_500m,False,v1.0.3
VCM_0024,1644,2020,10,2020-10,VIIRS_PREP_2020_10,926.625433055833,1.0,1.0,1.0,1.0,44.79999923706055,44.79999923706055,31.0,100.0,1.0,1.0,1.0,1,1,con_fuego,registros_previamente_procesados,NASA FIRMS - VIIRS,celda_mes_500m,False,v1.0.3
VCM_0025,1687,2020,10,2020-10,VIIRS_PREP_2020_10,926.625433055833,0.25,0.25,0.25,0.25,9.086764840518727,9.086764840518727,31.0,100.0,1.0,1.0,1.0,1,1,con_fuego,registros_previamente_procesados,NASA FIRMS - VIIRS,celda_mes_500m,False,v1.0.3
VCM_0026,6004,2020,10,2020-10,VIIRS_PREP_2020_10,926.625433055833,0.0,0.0,0.0,0.0,0.0,0.0,31.0,100.0,1.0,1.0,1.0,0,0,sin_fuego,registros_previamente_procesados,NASA FIRMS - VIIRS,celda_mes_500m,False,v1.0.3
VCM_0027,6733,2020,10,2020-10,VIIRS_PREP_2020_10,926.625433055833,0.2705882352941177,0.2705882352941177,0.2705882352941177,0.2705882352941177,1.6776470072129193,1.6776470072129193,31.0,100.0,1.0,1.0,1.0,1,1,con_fuego,registros_previamente_procesados,NASA FIRMS - VIIRS,celda_mes_500m,False,v1.0.3
VCM_0028,6394,2020,11,2020-11,VIIRS_PREP_2020_11,926.625433055833,1.0,1.0,1.0,1.0,17.899999618530273,17.899999618530273,30.0,100.0,1.0,1.0,1.0,1,1,con_fuego,registros_previamente_procesados,NASA FIRMS - VIIRS,celda_mes_500m,False,v1.0.3
VCM_0029,7032,2020,11,2020-11,VIIRS_PREP_2020_11,926.625433055833,0.8235294117647058,0.8235294117647058,0.8235294117647058,0.8235294117647058,35.0,35.0,30.0,100.0,1.0,1.0,1.0,1,1,con_fuego,registros_previamente_procesados,NASA FIRMS - VIIRS,celda_mes_500m,False,v1.0.3
VCM_0030,997,2020,12,2020-12,VIIRS_PREP_2020_12,926.625433055833,0.0,0.0,0.0,0.0,0.0,0.0,31.0,100.0,1.0,1.0,1.0,0,0,sin_fuego,registros_previamente_procesados,NASA FIRMS - VIIRS,celda_mes_500m,False,v1.0.3
VCM_0031,2001,2021,2,2021-02,VIIRS_PREP_2021_02,926.625433055833,0.2786885245901639,0.2786885245901639,0.2786885245901639,0.2786885245901639,2.340983500246142,2.340983500246142,28.0,100.0,1.0,1.0,1.0,1,1,con_fuego,registros_previamente_procesados,NASA FIRMS - VIIRS,celda_mes_500m,False,v1.0.3
VCM_0032,1236,2021,5,2021-05,VIIRS_PREP_2021_05,926.625433055833,0.0,0.0,0.0,0.0,0.0,0.0,31.0,100.0,1.0,1.0,1.0,0,0,sin_fuego,registros_previamente_procesados,NASA FIRMS - VIIRS,celda_mes_500m,False,v1.0.3
VCM_0033,2740,2021,5,2021-05,VIIRS_PREP_2021_05,926.625433055833,0.0,0.0,0.0,0.0,0.0,0.0,31.0,100.0,1.0,1.0,1.0,0,0,sin_fuego,registros_previamente_procesados,NASA FIRMS - VIIRS,celda_mes_500m,False,v1.0.3
VCM_0034,4675,2021,7,2021-07,VIIRS_PREP_2021_07,926.625433055833,1.0,1.0,1.0,1.0,35.20000076293945,35.20000076293945,31.0,100.0,1.0,1.0,1.0,1,1,con_fuego,registros_previamente_procesados,NASA FIRMS - VIIRS,celda_mes_500m,False,v1.0.3
VCM_0035,5408,2021,7,2021-07,VIIRS_PREP_2021_07,926.625433055833,0.0,0.0,0.0,0.0,0.0,0.0,31.0,100.0,1.0,1.0,1.0,0,0,sin_fuego,registros_previamente_procesados,NASA FIRMS - VIIRS,celda_mes_500m,False,v1.0.3
VCM_0036,6108,2021,7,2021-07,VIIRS_PREP_2021_07,926.625433055833,0.0895522388059701,0.0895522388059701,0.0895522388059701,0.0895522388059701,0.3582089552238806,0.3582089552238806,31.0,100.0,1.0,1.0,1.0,1,1,con_fuego,registros_previamente_procesados,NASA FIRMS - VIIRS,celda_mes_500m,False,v1.0.3
VCM_0037,3457,2021,8,2021-08,VIIRS_PREP_2021_08,926.625433055833,0.3095238095238095,0.3095238095238095,0.3095238095238095,0.3095238095238095,2.383333274296352,2.383333274296352,31.0,100.0,1.0,1.0,1.0,1,1,con_fuego,registros_previamente_procesados,NASA FIRMS - VIIRS,celda_mes_500m,False,v1.0.3
VCM_0038,6494,2021,8,2021-08,VIIRS_PREP_2021_08,926.625433055833,0.0,0.0,0.0,0.0,0.0,0.0,31.0,100.0,1.0,1.0,1.0,0,0,sin_fuego,registros_previamente_procesados,NASA FIRMS - VIIRS,celda_mes_500m,False,v1.0.3
VCM_0039,6784,2021,8,2021-08,VIIRS_PREP_2021_08,926.625433055833,0.0,0.0,0.0,0.0,0.0,0.0,31.0,100.0,1.0,1.0,1.0,0,0,sin_fuego,registros_previamente_procesados,NASA FIRMS - VIIRS,celda_mes_500m,False,v1.0.3
VCM_0040,3503,2021,9,2021-09,VIIRS_PREP_2021_09,926.625433055833,1.0,1.0,1.0,1.0,7.800000190734863,7.800000190734863,30.0,100.0,1.0,1.0,1.0,1,1,con_fuego,registros_previamente_procesados,NASA FIRMS - VIIRS,celda_mes_500m,False,v1.0.3
VCM_0041,3504,2021,9,2021-09,VIIRS_PREP_2021_09,926.625433055833,0.7205882352941178,0.7205882352941178,0.7205882352941178,0.7205882352941178,5.620588372735416,5.620588372735416,30.0,100.0,1.0,1.0,1.0,1,1,con_fuego,registros_previamente_procesados,NASA FIRMS - VIIRS,celda_mes_500m,False,v1.0.3
VCM_0042,5226,2021,9,2021-09,VIIRS_PREP_2021_09,926.625433055833,0.5434782608695652,0.5434782608695652,0.5434782608695652,0.5434782608695652,16.793478053549062,16.793478053549062,30.0,100.0,1.0,1.0,1.0,1,1,con_fuego,registros_previamente_procesados,NASA FIRMS - VIIRS,celda_mes_500m,False,v1.0.3
VCM_0043,5299,2021,9,2021-09,VIIRS_PREP_2021_09,926.625433055833,0.1309523809523809,0.1309523809523809,0.1309523809523809,0.1309523809523809,4.046428521474202,4.046428521474202,30.0,100.0,1.0,1.0,1.0,1,1,con_fuego,registros_previamente_procesados,NASA FIRMS - VIIRS,celda_mes_500m,False,v1.0.3
VCM_0044,5521,2021,10,2021-10,VIIRS_PREP_2021_10,926.625433055833,0.6904761904761906,0.6904761904761906,0.6904761904761906,0.6904761904761906,10.84047605877831,10.84047605877831,31.0,100.0,1.0,1.0,1.0,1,1,con_fuego,registros_previamente_procesados,NASA FIRMS - VIIRS,celda_mes_500m,False,v1.0.3
VCM_0045,2306,2021,11,2021-11,VIIRS_PREP_2021_11,926.625433055833,0.1791044776119403,0.1791044776119403,0.1791044776119403,0.1791044776119403,1.5223880597014925,1.5223880597014925,30.0,100.0,1.0,1.0,1.0,1,1,con_fuego,registros_previamente_procesados,NASA FIRMS - VIIRS,celda_mes_500m,False,v1.0.3
VCM_0046,3522,2022,2,2022-02,VIIRS_PREP_2022_02,926.625433055833,0.0,0.0,0.0,0.0,0.0,0.0,28.0,100.0,1.0,1.0,1.0,0,0,sin_fuego,registros_previamente_procesados,NASA FIRMS - VIIRS,celda_mes_500m,False,v1.0.3
VCM_0047,164,2022,4,2022-04,VIIRS_PREP_2022_04,926.625433055833,0.0,0.0,0.0,0.0,0.0,0.0,30.0,100.0,1.0,1.0,1.0,0,0,sin_fuego,registros_previamente_procesados,NASA FIRMS - VIIRS,celda_mes_500m,False,v1.0.3
VCM_0048,2675,2022,4,2022-04,VIIRS_PREP_2022_04,926.625433055833,0.0,0.0,0.0,0.0,0.0,0.0,30.0,100.0,1.0,1.0,1.0,0,0,sin_fuego,registros_previamente_procesados,NASA FIRMS - VIIRS,celda_mes_500m,False,v1.0.3
VCM_0049,4973,2022,5,2022-05,VIIRS_PREP_2022_05,926.625433055833,0.0,0.0,0.0,0.0,0.0,0.0,31.0,100.0,1.0,1.0,1.0,0,0,sin_fuego,registros_previamente_procesados,NASA FIRMS - VIIRS,celda_mes_500m,False,v1.0.3
VCM_0050,1510,2022,6,2022-06,VIIRS_PREP_2022_06,926.625433055833,0.0,0.0,0.0,0.0,0.0,0.0,30.0,100.0,1.0,1.0,1.0,0,0,sin_fuego,registros_previamente_procesados,NASA FIRMS - VIIRS,celda_mes_500m,False,v1.0.3
VCM_0051,5029,2022,8,2022-08,VIIRS_PREP_2022_08,926.625433055833,0.365079365079365,0.365079365079365,0.365079365079365,0.365079365079365,4.052381091647678,4.052381091647678,21.0,67.74193572998047,1.0,1.0,1.0,1,1,con_fuego,registros_previamente_procesados,NASA FIRMS - VIIRS,celda_mes_500m,False,v1.0.3
VCM_0052,6594,2022,8,2022-08,VIIRS_PREP_2022_08,926.625433055833,0.1617647058823529,0.1617647058823529,0.1617647058823529,0.1617647058823529,0.938235324971816,0.938235324971816,21.0,67.74193572998047,1.0,1.0,1.0,1,1,con_fuego,registros_previamente_procesados,NASA FIRMS - VIIRS,celda_mes_500m,False,v1.0.3
VCM_0053,6595,2022,8,2022-08,VIIRS_PREP_2022_08,926.625433055833,0.75,0.75,0.75,0.75,4.350000143051148,4.350000143051148,21.0,67.74193572998047,1.0,1.0,1.0,1,1,con_fuego,registros_previamente_procesados,NASA FIRMS - VIIRS,celda_mes_500m,False,v1.0.3
VCM_0054,3821,2022,10,2022-10,VIIRS_PREP_2022_10,926.625433055833,0.0823529411764705,0.0823529411764705,0.0823529411764705,0.0823529411764705,1.6470588235294117,1.6470588235294117,31.0,100.0,1.0,1.0,1.0,1,1,con_fuego,registros_previamente_procesados,NASA FIRMS - VIIRS,celda_mes_500m,False,v1.0.3
VCM_0055,5436,2022,10,2022-10,VIIRS_PREP_2022_10,926.625433055833,0.6176470588235294,0.6176470588235294,0.6176470588235294,0.6176470588235294,15.19411788267248,15.19411788267248,31.0,100.0,1.0,1.0,1.0,1,1,con_fuego,registros_previamente_procesados,NASA FIRMS - VIIRS,celda_mes_500m,False,v1.0.3
VCM_0056,5508,2022,10,2022-10,VIIRS_PREP_2022_10,926.625433055833,0.1470588235294117,0.1470588235294117,0.1470588235294117,0.1470588235294117,3.617647114922019,3.617647114922019,31.0,100.0,1.0,1.0,1.0,1,1,con_fuego,registros_previamente_procesados,NASA FIRMS - VIIRS,celda_mes_500m,False,v1.0.3
VCM_0057,5658,2022,10,2022-10,VIIRS_PREP_2022_10,926.625433055833,0.6764705882352942,0.6764705882352942,0.6764705882352942,0.6764705882352942,16.641176728641284,16.641176728641284,31.0,100.0,1.0,1.0,1.0,1,1,con_fuego,registros_previamente_procesados,NASA FIRMS - VIIRS,celda_mes_500m,False,v1.0.3
VCM_0058,1576,2022,11,2022-11,VIIRS_PREP_2022_11,926.625433055833,0.2794117647058823,0.2794117647058823,0.2794117647058823,0.2794117647058823,2.458823582705329,2.458823582705329,30.0,100.0,1.0,1.0,1.0,1,1,con_fuego,registros_previamente_procesados,NASA FIRMS - VIIRS,celda_mes_500m,False,v1.0.3
VCM_0059,3232,2022,11,2022-11,VIIRS_PREP_2022_11,926.625433055833,0.6,0.6,0.6,0.6,5.039999771118164,5.039999771118164,30.0,100.0,1.0,1.0,1.0,1,1,con_fuego,registros_previamente_procesados,NASA FIRMS - VIIRS,celda_mes_500m,False,v1.0.3
VCM_0060,5535,2022,12,2022-12,VIIRS_PREP_2022_12,926.625433055833,0.8,0.8,0.8,0.8,4.800000000000001,4.800000000000001,31.0,100.0,1.0,1.0,1.0,1,1,con_fuego,registros_previamente_procesados,NASA FIRMS - VIIRS,celda_mes_500m,False,v1.0.3
VCM_0061,880,2023,1,2023-01,VIIRS_PREP_2023_01,926.625433055833,0.0,0.0,0.0,0.0,0.0,0.0,31.0,100.0,1.0,1.0,1.0,0,0,sin_fuego,registros_previamente_procesados,NASA FIRMS - VIIRS,celda_mes_500m,False,v1.0.3
VCM_0062,571,2023,2,2023-02,VIIRS_PREP_2023_02,926.625433055833,0.0,0.0,0.0,0.0,0.0,0.0,28.0,100.0,1.0,1.0,1.0,0,0,sin_fuego,registros_previamente_procesados,NASA FIRMS - VIIRS,celda_mes_500m,False,v1.0.3
VCM_0063,5608,2023,2,2023-02,VIIRS_PREP_2023_02,926.625433055833,0.0,0.0,0.0,0.0,0.0,0.0,28.0,100.0,1.0,1.0,1.0,0,0,sin_fuego,registros_previamente_procesados,NASA FIRMS - VIIRS,celda_mes_500m,False,v1.0.3
VCM_0064,4391,2023,8,2023-08,VIIRS_PREP_2023_08,926.625433055833,0.75,0.75,0.75,0.75,6.075000286102296,6.075000286102296,31.0,100.0,1.0,1.0,1.0,1,1,con_fuego,registros_previamente_procesados,NASA FIRMS - VIIRS,celda_mes_500m,False,v1.0.3
VCM_0065,5277,2023,8,2023-08,VIIRS_PREP_2023_08,926.625433055833,0.4117647058823528,0.4117647058823528,0.4117647058823528,0.4117647058823528,23.84117709889131,23.84117709889131,31.0,100.0,1.0,1.0,1.0,1,1,con_fuego,registros_previamente_procesados,NASA FIRMS - VIIRS,celda_mes_500m,False,v1.0.3
VCM_0066,5353,2023,8,2023-08,VIIRS_PREP_2023_08,926.625433055833,1.0,1.0,1.0,1.0,66.5999984741211,66.5999984741211,31.0,100.0,1.0,1.0,1.0,1,1,con_fuego,registros_previamente_procesados,NASA FIRMS - VIIRS,celda_mes_500m,False,v1.0.3
VCM_0067,1245,2023,9,2023-09,VIIRS_PREP_2023_09,926.625433055833,0.4852941176470587,0.4852941176470587,0.4852941176470587,0.4852941176470587,6.5514705882352935,6.5514705882352935,30.0,100.0,1.0,1.0,1.0,1,1,con_fuego,registros_previamente_procesados,NASA FIRMS - VIIRS,celda_mes_500m,False,v1.0.3
VCM_0068,1297,2023,9,2023-09,VIIRS_PREP_2023_09,926.625433055833,1.0,1.0,1.0,1.0,33.635443578792525,33.635443578792525,30.0,100.0,1.0,1.0,1.0,1,1,con_fuego,registros_previamente_procesados,NASA FIRMS - VIIRS,celda_mes_500m,False,v1.0.3
VCM_0069,1552,2023,9,2023-09,VIIRS_PREP_2023_09,926.625433055833,0.4411764705882353,0.4411764705882353,0.4411764705882353,0.4411764705882353,7.676470419939826,7.676470419939826,30.0,100.0,1.0,1.0,1.0,1,1,con_fuego,registros_previamente_procesados,NASA FIRMS - VIIRS,celda_mes_500m,False,v1.0.3
VCM_0070,4471,2023,9,2023-09,VIIRS_PREP_2023_09,926.625433055833,0.3552631578947368,0.3552631578947368,0.3552631578947368,0.3552631578947368,10.69342118815372,10.69342118815372,30.0,100.0,1.0,1.0,1.0,1,1,con_fuego,registros_previamente_procesados,NASA FIRMS - VIIRS,celda_mes_500m,False,v1.0.3
VCM_0071,6146,2023,9,2023-09,VIIRS_PREP_2023_09,926.625433055833,0.75,0.75,0.75,0.75,5.250000000000001,5.250000000000001,30.0,100.0,1.0,1.0,1.0,1,1,con_fuego,registros_previamente_procesados,NASA FIRMS - VIIRS,celda_mes_500m,False,v1.0.3
VCM_0072,6231,2023,9,2023-09,VIIRS_PREP_2023_09,926.625433055833,0.1411764705882353,0.1411764705882353,0.1411764705882353,0.1411764705882353,0.9882352941176472,0.9882352941176472,30.0,100.0,1.0,1.0,1.0,1,1,con_fuego,registros_previamente_procesados,NASA FIRMS - VIIRS,celda_mes_500m,False,v1.0.3
VCM_0073,1146,2023,10,2023-10,VIIRS_PREP_2023_10,926.625433055833,2.0,2.0,1.0,1.0,188.27352434046128,122.31617512422449,31.0,100.0,1.0,1.0,1.0,1,1,con_fuego,registros_previamente_procesados,NASA FIRMS - VIIRS,celda_mes_500m,False,v1.0.3
VCM_0074,2803,2023,10,2023-10,VIIRS_PREP_2023_10,926.625433055833,0.0,0.0,0.0,0.0,0.0,0.0,31.0,100.0,1.0,1.0,1.0,0,0,sin_fuego,registros_previamente_procesados,NASA FIRMS - VIIRS,celda_mes_500m,False,v1.0.3
VCM_0075,4958,2023,12,2023-12,VIIRS_PREP_2023_12,926.625433055833,0.0,0.0,0.0,0.0,0.0,0.0,31.0,100.0,1.0,1.0,1.0,0,0,sin_fuego,registros_previamente_procesados,NASA FIRMS - VIIRS,celda_mes_500m,False,v1.0.3
VCM_0076,3323,2024,3,2024-03,VIIRS_PREP_2024_03,926.625433055833,0.0,0.0,0.0,0.0,0.0,0.0,31.0,100.0,1.0,1.0,1.0,0,0,sin_fuego,registros_previamente_procesados,NASA FIRMS - VIIRS,celda_mes_500m,False,v1.0.3
VCM_0077,1931,2024,7,2024-07,VIIRS_PREP_2024_07,926.625433055833,0.0,0.0,0.0,0.0,0.0,0.0,21.0,67.74193572998047,1.0,1.0,1.0,0,0,sin_fuego,registros_previamente_procesados,NASA FIRMS - VIIRS,celda_mes_500m,False,v1.0.3
VCM_0078,1079,2024,9,2024-09,VIIRS_PREP_2024_09,926.625433055833,1.0,1.0,1.0,1.0,28.600000381469727,28.600000381469727,29.0,96.66666412353516,1.0,1.0,1.0,1,1,con_fuego,registros_previamente_procesados,NASA FIRMS - VIIRS,celda_mes_500m,False,v1.0.3
VCM_0079,1367,2024,9,2024-09,VIIRS_PREP_2024_09,926.625433055833,0.7611940298507462,0.7611940298507462,0.7611940298507462,0.7611940298507462,12.17910447761194,12.17910447761194,29.0,96.66666412353516,1.0,1.0,1.0,1,1,con_fuego,registros_previamente_procesados,NASA FIRMS - VIIRS,celda_mes_500m,False,v1.0.3
VCM_0080,1466,2024,9,2024-09,VIIRS_PREP_2024_09,926.625433055833,0.119047619047619,0.119047619047619,0.119047619047619,0.119047619047619,7.34523818606422,7.34523818606422,29.0,96.66666412353516,1.0,1.0,1.0,1,1,con_fuego,registros_previamente_procesados,NASA FIRMS - VIIRS,celda_mes_500m,False,v1.0.3
VCM_0081,1755,2024,9,2024-09,VIIRS_PREP_2024_09,926.625433055833,0.0,0.0,0.0,0.0,0.0,0.0,29.0,96.66666412353516,1.0,1.0,1.0,0,0,sin_fuego,registros_previamente_procesados,NASA FIRMS - VIIRS,celda_mes_500m,False,v1.0.3
VCM_0082,2477,2024,10,2024-10,VIIRS_PREP_2024_10,926.625433055833,0.0,0.0,0.0,0.0,0.0,0.0,31.0,100.0,1.0,1.0,1.0,0,0,sin_fuego,registros_previamente_procesados,NASA FIRMS - VIIRS,celda_mes_500m,False,v1.0.3
VCM_0083,2856,2024,11,2024-11,VIIRS_PREP_2024_11,926.625433055833,1.0,1.0,1.0,1.0,36.900001525878906,36.900001525878906,27.0,90.0,1.0,1.0,1.0,1,1,con_fuego,registros_previamente_procesados,NASA FIRMS - VIIRS,celda_mes_500m,False,v1.0.3
VCM_0084,2901,2024,11,2024-11,VIIRS_PREP_2024_11,926.625433055833,0.0735294117647058,0.0735294117647058,0.0735294117647058,0.0735294117647058,1.875,1.875,27.0,90.0,1.0,1.0,1.0,1,1,con_fuego,registros_previamente_procesados,NASA FIRMS - VIIRS,celda_mes_500m,False,v1.0.3
VCM_0085,6069,2024,11,2024-11,VIIRS_PREP_2024_11,926.625433055833,0.0441176470588235,0.0441176470588235,0.0441176470588235,0.0441176470588235,0.3352941134396721,0.3352941134396721,27.0,90.0,1.0,1.0,1.0,1,1,con_fuego,registros_previamente_procesados,NASA FIRMS - VIIRS,celda_mes_500m,False,v1.0.3
VCM_0086,6354,2024,11,2024-11,VIIRS_PREP_2024_11,926.625433055833,1.0,1.0,1.0,1.0,14.600000381469728,14.600000381469728,27.0,90.0,1.0,1.0,1.0,1,1,con_fuego,registros_previamente_procesados,NASA FIRMS - VIIRS,celda_mes_500m,False,v1.0.3
VCM_0087,6522,2024,11,2024-11,VIIRS_PREP_2024_11,926.625433055833,0.6911764705882354,0.0,0.6911764705882354,0.0,6.566176470588236,6.566176470588236,27.0,90.0,1.0,1.0,1.0,1,0,con_fuego,registros_previamente_procesados,NASA FIRMS - VIIRS,celda_mes_500m,False,v1.0.3
VCM_0088,7324,2024,11,2024-11,VIIRS_PREP_2024_11,926.625433055833,0.9210526315789476,0.9210526315789476,0.4473684210526316,0.4473684210526316,22.34210586547852,11.542105323389956,27.0,90.0,1.0,1.0,1.0,1,1,con_fuego,registros_previamente_procesados,NASA FIRMS - VIIRS,celda_mes_500m,False,v1.0.3
VCM_0089,7476,2024,11,2024-11,VIIRS_PREP_2024_11,926.625433055833,1.0,1.0,1.0,1.0,18.114706123576447,18.114706123576447,27.0,90.0,1.0,1.0,1.0,1,1,con_fuego,registros_previamente_procesados,NASA FIRMS - VIIRS,celda_mes_500m,False,v1.0.3
VCM_0090,2626,2024,12,2024-12,VIIRS_PREP_2024_12,926.625433055833,0.0,0.0,0.0,0.0,0.0,0.0,31.0,100.0,1.0,1.0,1.0,0,0,sin_fuego,registros_previamente_procesados,NASA FIRMS - VIIRS,celda_mes_500m,False,v1.0.3
VCM_0091,810,2025,1,2025-01,VIIRS_PREP_2025_01,926.625433055833,1.0,1.0,1.0,1.0,10.699999809265137,10.699999809265137,31.0,100.0,1.0,1.0,1.0,1,1,con_fuego,registros_previamente_procesados,NASA FIRMS - VIIRS,celda_mes_500m,False,v1.0.3
VCM_0092,1652,2025,2,2025-02,VIIRS_PREP_2025_02,926.625433055833,0.0,0.0,0.0,0.0,0.0,0.0,28.0,100.0,1.0,1.0,1.0,0,0,sin_fuego,registros_previamente_procesados,NASA FIRMS - VIIRS,celda_mes_500m,False,v1.0.3
VCM_0093,5296,2025,2,2025-02,VIIRS_PREP_2025_02,926.625433055833,0.0,0.0,0.0,0.0,0.0,0.0,28.0,100.0,1.0,1.0,1.0,0,0,sin_fuego,registros_previamente_procesados,NASA FIRMS - VIIRS,celda_mes_500m,False,v1.0.3
VCM_0094,5461,2025,3,2025-03,VIIRS_PREP_2025_03,926.625433055833,0.0,0.0,0.0,0.0,0.0,0.0,31.0,100.0,1.0,1.0,1.0,0,0,sin_fuego,registros_previamente_procesados,NASA FIRMS - VIIRS,celda_mes_500m,False,v1.0.3
VCM_0095,6058,2025,3,2025-03,VIIRS_PREP_2025_03,926.625433055833,0.0,0.0,0.0,0.0,0.0,0.0,31.0,100.0,1.0,1.0,1.0,0,0,sin_fuego,registros_previamente_procesados,NASA FIRMS - VIIRS,celda_mes_500m,False,v1.0.3
VCM_0096,1775,2025,8,2025-08,VIIRS_PREP_2025_08,926.625433055833,0.0,0.0,0.0,0.0,0.0,0.0,31.0,100.0,1.0,1.0,1.0,0,0,sin_fuego,registros_previamente_procesados,NASA FIRMS - VIIRS,celda_mes_500m,False,v1.0.3
VCM_0097,2905,2025,12,2025-12,VIIRS_PREP_2025_12,926.625433055833,0.3382352941176469,0.3382352941176469,0.3382352941176469,0.3382352941176469,1.8602941176470584,1.8602941176470584,30.0,96.7741928100586,1.0,1.0,1.0,1,1,con_fuego,registros_previamente_procesados,NASA FIRMS - VIIRS,celda_mes_500m,False,v1.0.3
VCM_0098,6427,2025,12,2025-12,VIIRS_PREP_2025_12,926.625433055833,0.0705882352941176,0.0705882352941176,0.0705882352941176,0.0705882352941176,0.5505882487577549,0.5505882487577549,30.0,96.7741928100586,1.0,1.0,1.0,1,1,con_fuego,registros_previamente_procesados,NASA FIRMS - VIIRS,celda_mes_500m,False,v1.0.3
VCM_0099,7003,2025,12,2025-12,VIIRS_PREP_2025_12,926.625433055833,0.75,0.75,0.75,0.75,7.7250001430511475,7.7250001430511475,30.0,96.7741928100586,1.0,1.0,1.0,1,1,con_fuego,registros_previamente_procesados,NASA FIRMS - VIIRS,celda_mes_500m,False,v1.0.3
VCM_0100,7055,2025,12,2025-12,VIIRS_PREP_2025_12,926.625433055833,1.0,1.0,1.0,1.0,10.300000190734863,10.300000190734863,30.0,96.7741928100586,1.0,1.0,1.0,1,1,con_fuego,registros_previamente_procesados,NASA FIRMS - VIIRS,celda_mes_500m,False,v1.0.3
VCM_0101,7104,2025,12,2025-12,VIIRS_PREP_2025_12,926.625433055833,1.0,1.0,1.0,1.0,58.20000076293945,58.20000076293945,30.0,96.7741928100586,1.0,1.0,1.0,1,1,con_fuego,registros_previamente_procesados,NASA FIRMS - VIIRS,celda_mes_500m,False,v1.0.3
VCM_0102,7279,2025,12,2025-12,VIIRS_PREP_2025_12,926.625433055833,0.2205882352941176,0.2205882352941176,0.2205882352941176,0.2205882352941176,1.4117647269192863,1.4117647269192863,30.0,96.7741928100586,1.0,1.0,1.0,1,1,con_fuego,registros_previamente_procesados,NASA FIRMS - VIIRS,celda_mes_500m,False,v1.0.3
VCM_0103,7565,2025,12,2025-12,VIIRS_PREP_2025_12,926.625433055833,0.1323529411764706,0.1323529411764706,0.1323529411764706,0.1323529411764706,2.395588285782758,2.395588285782758,30.0,96.7741928100586,1.0,1.0,1.0,1,1,con_fuego,registros_previamente_procesados,NASA FIRMS - VIIRS,celda_mes_500m,False,v1.0.3
VCM_0104,7568,2025,12,2025-12,VIIRS_PREP_2025_12,926.625433055833,0.75,0.75,0.75,0.75,13.575000286102297,13.575000286102297,30.0,96.7741928100586,1.0,1.0,1.0,1,1,con_fuego,registros_previamente_procesados,NASA FIRMS - VIIRS,celda_mes_500m,False,v1.0.3
VCM_0105,7718,2025,12,2025-12,VIIRS_PREP_2025_12,926.625433055833,1.0,1.0,1.0,1.0,12.399999618530272,12.399999618530272,30.0,96.7741928100586,1.0,1.0,1.0,1,1,con_fuego,registros_previamente_procesados,NASA FIRMS - VIIRS,celda_mes_500m,False,v1.0.3
